symbol,company,basket,layer,scale_tier,scale_conviction,verdict,conviction_1to5,value_conviction,moat,moat_trend,secular_threat,catalyst_status,sop_fair_value,current_price,expected_return_pct,valuation_posture,posture,skeptic_verdict,skeptic_kill_fact,role
COHR,Coherent,A,OPTICAL,CORE,34,B,3,3,NARROW,WIDENING,manageable,"FIRED (primary) + SOFT_EXTENDED (secondary). The load-bearing catalyst — the NVIDIA strategic partnership ($2B equity investment + multi-year CPO supply agreement through end of decade) — was ANNOUNCED March 2, 2026 and is the proximate driver of the +171%/12-month, near-all-time-high move; the re-rate is largely spent (FIRED). The forward catalysts (CPO scale-out revenue H2-CY26, scale-up H2-CY27, OCS ramp, multi-rail H1-CY27, thermal H2-CY27, InP doubling by end-CY26) are real, dated, and management-committed but are CAPACITY-RAMP / future-revenue milestones gated on the single shared AI-capex factor and on the company's own execution — SOFT_EXTENDED in the sense that they are serially forward-dated and not yet revenue-proven (CPO/OCS share vs Lumentum unquantified, mgmt deflected the comparison). Hard-dated near-term forcing function = the FQ4-FY26 print (~early Aug 2026) which must confirm the accelerating-growth + GM-toward-42% trajectory. Verified live June 2026.",$330–360 (base ~$345),389.57,-11.4,rich,scale_in,CONFIRMED_WITH_CORRECTIONS,"No kill_fact. The adversarial attack failed to break the load-bearing facts: every figure verifies against primary/near-primary sources and is CURRENT (post-NVDA, post-FQ3 print May 6 2026), so there is NO stale anchor. NVDA $2B strategic investment + multi-year/multi-billion-dollar CPO purchase commitment is real and primary-confirmed (NVIDIA IR + Coherent 8-K, March 2 2026). FQ3-FY26 revenue ~$1.8B (+27% pro-forma YoY) and the Q4 guide ($1.91-2.05B, EPS $1.52-1.72) verify; net leverage 0.5x (from 2.1x), cash ~$3B incl. NVDA's $2B, capex $290M (rising), share count 195.64M all confirm. Because this is a SCALE-OUT SKEPTIC on a name whose director verdict is already B/WATCHLIST and whose thesis IS the bear (price-kill, not company-kill), the verified facts REINFORCE the bear: the stock at ~$389 (vs 52wk high $440, all-time-high $426.89 on 2026-06-02), ~52x fwd P/E, ~11.7x EV/sales (RICHER than the dossier's stated 9-10x), with TTM FCF of roughly -$538M and the NVDA/CPO catalyst already FIRED into the +171% move, is priced for perfection with zero basket independence from the single AI-capex factor. The bear case survives the kill-check.","Broadest vertically-integrated photonics platform and the InP supply node for 800G/1.6T transceivers + the NVDA CPO partner ($2B equity, supply through end-of-decade); the toll every optical-interconnect dollar pays."
FN,Fabrinet,A,OPTICAL,CORE,33,B,3,3,NARROW,STABLE,manageable,SOFT_EXTENDED,$520,574,-9.4,fair,scale_in,CONFIRMED_WITH_CORRECTIONS,"No kill_fact found. The load-bearing numbers all verify against primary sources: Q3 FY26 revenue $1.214B (+39% YoY) and non-GAAP EPS $3.72 (beat ~$3.54) confirmed in the SEC 8-K/Ex-99.1 and the May 4 2026 call; DCI $197M (+90% YoY); customer concentration NVIDIA 27.6% + Cisco 18.2% = 45.8% confirmed verbatim in the FY2025 10-K (filed 08/19/2025). The sop_fair_value ($520) is NOT a stale anchor — it is built on the most recent quarter (Mar-2026) plus the Q4 guide. The CPO/Spectrum-X Photonics displacement risk is real and dated (Ethernet CPO switches shipping 2026), but NVIDIA's own Spectrum-X Photonics announcement explicitly names Fabrinet as a pluggable-transceiver partner ON THE SAME PLATFORM, so it is a multi-year mix-shift, not a cliff — consistent with the debate's 'manageable, not terminal' framing. The thesis survives; the B verdict (own only on a basket-wide AI de-grossing flush toward ~$520/$385, not at ~$574 with optionality already capitalized) is the correct, already-conservative stance.",The indispensable outsourced optics factory — cleanest picks-and-shovels in scale-out; builds for COHR/LITE/NVDA without taking design risk.
MRVL,Marvell Technology,A,OPTICAL,LEVER,24,C,2,2,NARROW,STABLE,manageable,"FIRED (substantially) / partially SOFT_EXTENDED. The load-bearing catalysts — the AI custom-silicon + interconnect ramp, the >70% interconnect raise, the Polariton/Celestial photonics wins, and the expanded NVIDIA partnership — were all announced AT or BEFORE the May 27, 2026 Q1 FY27 print and have driven the stock ~+300% TTM (up ~100% in 2026 alone). The market has already re-rated on them. The forward leg still pending is the FY28 custom-DOUBLING and the photonics/CPO pipeline conversion (DCI/TIA to $1B run-rates), which is real but undated, customer-concentrated, and serially-guided — i.e. SOFT_EXTENDED, not a hard dated binary. There is no NRC/PPA/M&A hard date; the only forcing functions are quarterly prints. Net: catalyst FIRED for entry-timing purposes.",~$230 (range $200-260),310.58,-25.9,rich,wait_for_weakness,CONFIRMED,,"Custom-silicon + interconnect (DCI/optical DSP) franchise; data center 76% of mix, the ASIC/interconnect toll alongside the merchant-GPU complex."
SMTC,Semtech,A,OPTICAL,LEVER,24,B,3,2,NARROW,WIDENING,manageable,PENDING_HARD,"~$150-165/share (base case, ~the current ~$159 price)",159.01,0.6,fair,scale_in,CONFIRMED_WITH_CORRECTIONS,"No clean kill. The bear's load-bearing structural facts independently verify against primary sources (Q1 FY27 8-K + earnings call): record $291.0M rev (+16% YoY), data center $71.6M (+39% YoY) guided +35% sequential (~85% YoY), Q2 guide $328M / ~$0.61 adj-EPS, net debt ~$339M (principal ~$503M less $163.3M cash — NOT net cash), ACC/CopperEdge 1.6T production shipments started to a SINGLE US hyperscaler at the tail of Q1, divestiture in 'final stages' (serially-extended/cosmetic). The thesis posture (B / watchlist-for-capitulation, fully-priced at ~$159 with ~85% shared AI-capex factor + single-hyperscaler ACC binary) holds. BUT one load-bearing bear claim is now STALE and must be corrected (below), which is why this is CONFIRMED_WITH_CORRECTIONS, not a clean CONFIRMED.",CopperEdge / FiberEdge active-copper + optical-DSP scale-up connectivity; the one PENDING_HARD optical catalyst in the basket.
CRDO,Credo Technology,A,OPTICAL,LEVER,22,C,2,2,NARROW,WIDENING,manageable,"FIRED. The load-bearing catalyst — the Q4 FY26 print + FY27 >80%-growth / >$600M-optical guide — landed June 1, 2026; the DustPhotonics close (May 27, 2026) drove an ~80% one-month run into the print. The re-rate is largely spent and the stock trades ABOVE the ~$256 average analyst PT. The NEXT real catalysts (H2-FY27 optical ramp proof; first CPO/NPO design win; lead-customer diversification print) are PENDING but multi-quarter-out (FY27 H2 / FY28) and NOT dated/binding — so the live, dated catalyst is FIRED, not asymmetric. Evidence: earnings release/transcript reported ~2026-06-01; DustPhotonics completion 2026-05-27; price ~$272 vs PT ~$256 (2026-06-22).",$215-235 (base ~$225),271.83,-17.2,rich,wait_for_weakness,CONFIRMED_WITH_CORRECTIONS,"No kill: every load-bearing fact of the bear/PASS thesis verifies against primary sources. Q4 FY26 revenue $437.0M (+157% YoY), FY26 $1.335B (>3x), non-GAAP GM 68.3%, non-GAAP operating margin 47.8%, ~$1.4B cash all confirm in the 2026-06-01 8-K/press release. Customer concentration is real and even starker in the FY26 10-K (top 10 customers ~90% of FY26; largest customer 42% of revenue in Q2 FY26) than the debate's '~34%/~60%' framing. Average analyst PT ~$256 (18 analysts) sits BELOW the ~$272 spot, so the 'catalyst fired, trades above target, re-rate spent' structure holds. The thesis is a price/concentration PASS, not a numbers fabrication — it survives the kill-check.","AECs / active-electrical-cable + optical-DSP scale-up connectivity; FY27 >80% growth, >$600M optical guide."
GLW,Corning,A,OPTICAL,LEVER,22,C,2,3,WIDE,WIDENING,manageable,"FIRED. The three load-bearing catalysts have all printed: Meta LTA (up to $6B, announced Jan-2026); NVIDIA 10x US optical-capacity partnership (2025-26); Amazon multi-year multi-billion fiber deal (announced 6/8/26, stock +~9.5% on the day). The strategic catalyst — the May 5-6 2026 Springboard-2030 upgrade/extension (15% CAGR to end-26 re-accelerating to 19% CAGR / $35B run-rate by 2030) — is also FIRED. The stock has nearly quadrupled off its 52-wk low and trades ~$195 near its $211 high. The re-rate from 'overlooked 175-year-old materials company' to 'AI optical core holding' has substantially happened; what remains is contract-execution and FCF-conversion verification (FY27), not a new asymmetric event. NOT an asymmetric special-situation at this price — treat as a quality-momentum name whose catalysts are already in the tape.",$140-160 (base ~$150),194.92,-23.0,rich,wait_for_weakness,CONFIRMED_WITH_CORRECTIONS,"No kill_fact found. Every load-bearing figure verifies against primary sources, and the bear's core claim — the AI-optical re-rate is already in the tape at a peak multiple — is independently CONFIRMED and is in fact harsher than the debate stated: GLW is up ~256% over the trailing year (~98% YTD) into an all-time-high close of $207.96 (May 14 2026), now ~$195, with a TRAILING P/E ~85x (electronics-industry avg ~33x). The bear thesis (fired catalysts, single-shared-AI-capex factor, FCF lagging EPS, negative risk/reward at top of a quadruple) survives the kill-check intact; verdict PASS/own-on-washout holds.",Contractually-underwritten optical-fiber/physical-layer supplier to the three largest AI-capex spenders (Meta/NVDA/Amazon LTAs).
LITE,Lumentum,A,OPTICAL,LEVER,20,C,2,3,NARROW,WIDENING,none,"FIRED. The load-bearing catalysts have already printed and the stock has already run on them: (1) the NVIDIA $2.02B strategic investment — ANNOUNCED and closed, cash already on the balance sheet ($3.17B), re-rate spent; (2) the +90% revenue / GAAP-profit inflection — REPORTED May 6, 2026; (3) the Q4 'new all-time record' guide — already in consensus. The note 'ran on the March bet' confirms the move is realized. The only forward, not-yet-fired catalyst is the CPO/Greensboro ramp, which is SOFT_EXTENDED — non-binding and ~6 quarters out (mid-2028), too distant to anchor an entry. Net: catalyst_status = FIRED.",$640–$720 (base ~$680),905.0,-24.9,rich,wait_for_weakness,CONFIRMED_WITH_CORRECTIONS,"No kill_fact — every load-bearing number verifies against primary sources (Q3 FY2026 8-K exhibit + May 6, 2026 call): revenue $808.4M +90% YoY, non-GAAP GM 47.9%, OM 32.2%, GAAP EPS $1.50 / non-GAAP $2.37, Q4 guide $960M-$1.01B / EPS $2.85-3.05, $3.17B cash, CEO 'imbalance >30% / undershipping demand'. The bear thesis (catalysts FIRED, AI-optionality already priced at a ~$66B cap / ~52-59x fwd, single-shared-driver AI-capex, scarcity-priced margin contestable 2027-2028) survives the attack — this is a great business at an already-run price, NOT a fresh scale-out entry. The 'C / conviction 2 / VALUE_CONVICTION 3' grade is correct.",Optical components + the second NVDA-funded transceiver supplier ($2.02B strategic investment); +90% revenue inflection.
MTSI,MACOM Technology,A,OPTICAL,LEVER,18,C,2,2,NARROW,WIDENING,manageable,FIRED,~$300-320/share,391.41,-20.8,rich,wait_for_weakness,CONFIRMED_WITH_CORRECTIONS,"No kill_fact found. The bear thesis is the live case and every load-bearing fact verifies against primary/credible sources: Q2 FY26 (May-7-2026) $289M rev / $1.09 adj EPS / record 1.5:1 book-to-bill (CFO Kober: 'largest quarterly bookings in the company's history') / DC $98.2M +14.5% q/q; CEO Daly verbatim raised DC FY26 base case 'from 35% to 40% to over 60%' — the catalyst HAS fired. Valuation extremes confirmed (~$391-393, +128.5% YTD, +191% 1yr, fwd P/E ~59x, EV/EBITDA ~117x, GF Value $170 = ~130% overvalued). Net cash ~$325M after $161M converts repaid confirmed. Insiders confirmed NET SELLERS into the move (CEO Daly, dir Ribar, Summit/Chung 43,268sh @ $378, SVP Hwang, Ocampo trusts 315,272sh). The bear survives the kill-check — the asymmetry is genuinely inverted and the fired catalyst leaves no upside forcing function.",RF/analog + optical-DSP/laser-driver components into data-center optics.
ALAB,Astera Labs,A,OPTICAL,TACTICAL,18,C,2,2,NARROW,WIDENING,manageable,"FIRED. The load-bearing near-term catalyst — Nasdaq-100 index inclusion effective 2026-06-22 — has already happened and already moved the stock (~+11%/day on 06-20/06-21 on mechanical passive buying); the re-rate is spent, not pending. The operational catalysts that matter (Scorpio becoming the largest product line by YE-2026; UALink/NVLink-Fusion/optical revenue) are real but PENDING_SOFT / dated to 2027-2028 — not binding, not near-term, and substantially pre-priced. Verified dated evidence: Nasdaq-100 inclusion 2026-06-22 (multiple sources, 06-20/06-21); aiXscale acquisition closed late-2025 with NPO 2027 / CPO 2028 timelines stated on the Q1-FY2026 call (2026-05-05). Net classification: FIRED (mechanical) over a SOFT_EXTENDED 2027 operational backdrop.",$180-230 (base case),419.9,-51.2,rich,wait_for_weakness,CONFIRMED_WITH_CORRECTIONS,"No kill_fact found. This is a bear/valuation-skeptic thesis (PASS, conviction 2) and every load-bearing bear fact independently verifies against primary sources: Q1-FY2026 revenue $308.4M (+93% YoY), non-GAAP GM 76.4%, op margin 36.2% (10-Q/8-K); $1.18B cash and no debt (10-Q); Nasdaq-100 inclusion effective 2026-06-22, announced 06-12, drove ~+11.31%/day on 06-19/20/21 (mechanical passive flow, not earnings); customer concentration is REAL and if anything UNDERSTATED by the bear — the 10-Q discloses FIVE customers each >=12% of revenue (the debate cited only D & E at ~12%); valuation verified at ~264-281x trailing / >39x forward sales, the most expensive name in its cohort. The bear's adverse-risk/reward conclusion (price ~2x the $180-230 SoP, catalyst already FIRED, single shared AI-capex driver) stands.",Scorpio fabric/PCIe-retimer connectivity (UALink/NVLink-Fusion optionality); largest product line by YE-2026.
AAOI,Applied Optoelectronics,A,OPTICAL,PASS,12,C,2,2,NARROW,STABLE,manageable,SOFT_EXTENDED,$95-115,161.85,-35.1,rich,pass,CONFIRMED_WITH_CORRECTIONS,"No kill_fact found. The bear/PASS thesis attacks the bull and every load-bearing bear figure independently verifies against the Q1 FY2026 8-K and SEC filings: GAAP operating LOSS of $12.99M (never GAAP-profitable), non-GAAP EPS -$0.07, gross margin DIPPED to GAAP 29.1% / non-GAAP 29.2% vs FY25 30.0% (so the 35%/40% targets remain unproven hockey sticks), Amazon warrant 7,945,399 shares @ $23.6954 (only 1.32M vested upfront, rest tied to up-to-$4B discretionary purchases — i.e. soft/contingent, not hard), datacenter +154% YoY = 54% of $151.1M (>70% concentrated in ~2 hyperscalers). At ~$162 / ~$13B cap on ~$507M TTM rev (~26x EV/sales) for a loss-making, sub-30%-GM, single-hyperscaler-concentrated commodity-transceiver vendor, the AI-scale-out optionality is already fully priced — the -19% move on a guide-RAISE confirms a saturated multiple. The PASS verdict survives the adversarial kill-check; the sop_fair_value is NOT built on a stale anchor (it uses the just-reported Q1 FY26 + raised >$1.1B FY26 guide).",Transceiver/laser supplier mid-ramp; design-win-dependent second-tier optical.
POET,POET Technologies,A,OPTICAL,PASS,8,C,2,1,NARROW,STABLE,none,"SOFT_EXTENDED. The load-bearing catalyst is the Lumilens $50M PO / $500M+ framework (announced 2026-05-14) and the LITEON/Lessengers JDAs. Per the 2026-05-14 release, fulfillment is EXPLICITLY conditional ('subject to successful development, qualification, and scaling of manufacturing'); engineering samples are expected late-2026 with production 'aligned to hyperscaler deployments in 2027.' This is non-binding, third-party-gated, and single-binary (qualification) — the defining marks of SOFT_EXTENDED, not PENDING_HARD. It has also already been announced and the stock ran on it (and round-tripped -12% on 2026-06-09 sector CPO-delay news), so the announcement re-rate is partially SPENT. No hard hyperscaler design-win, no booked-backlog print, no dated binding milestone in the favorable window. Verified as of 2026-06-22.",$5.50 (range $4-8),12.15,-54.7,rich,pass,CONFIRMED,"No kill_fact breaks the BEAR case — the bear thesis SURVIVES the kill-check intact. Every load-bearing bear figure verifies against primary sources: Q1-2026 revenue $503,389 (net loss $12.3M, op cash burn $8.8M), the $400M raise at $21.00/unit (19,047,620 shares + matching $26.25 warrant), and the Lumilens $50M PO / $500M framework with verbatim conditional language ('Fulfilment of the purchase orders and associated revenues is subject to the successful development and ultimate qualification of the modules, as well as the successful scaling of manufacturing capability'; samples late-2026, production 2027). The valuation gap is WORSE than the dossier stated: the stock now trades ~$13.28 vs a ~$8.20 sell-side median (~62% above, vs the dossier's ~48% at $12.15). sop_fair_value (~$5.50) is built on POST-event Q1-2026 financials and the post-$400M-raise share/cash base — NO stale-anchor problem. This is a momentum-priced pre-revenue option (~$2.1B cap on ~$2M annualized revenue) whose load-bearing catalyst is explicitly conditional, third-party-gated and 2027-dated. The bear PASS-as-C / conviction-2 stands.",Pre-revenue photonic-interposer / optical-engine hopeful; Lumilens $500M framework is explicitly conditional.
ETN,Eaton,B,GRID,CORE,33,C,3,3,WIDE,STABLE,none,"FIRED / SOFT_EXTENDED. The load-bearing catalysts have largely already PRINTED and re-rated the stock: data-center orders +240% (Q1-26, 2026-05-05), backlog +44%/+48%, book-to-bill 1.2, FY guide raised, NVIDIA DSX partnership and Boyd Thermal close (Mar-2026) are all public and in the price (stock near 52-wk high $435, +10%+ off lows). These are confirmation-of-trend prints, not forward dated binary catalysts. The next catalyst — sequential Electrical Americas margin recovery in Q2-26 (reports ~late-July 2026) — is real and dated but is a SHOW-ME/SOFT driver, not an asymmetric event; a beat is partly expected. There is no spinoff/M&A/regulatory hard-dated re-rating event pending. Verdict: the AI-capex order catalyst is FIRED (already ran); the margin-recovery catalyst is SOFT_EXTENDED (dated but non-binary, partly priced).",$410,421.77,-2.8,fair,scale_in,CONFIRMED_WITH_CORRECTIONS,,"Broadest-stack electrical incumbent — power distribution/switchgear into data centers; DC orders +240%, NVDA DSX partner."
GEV,GE Vernova,B,GRID,CORE,33,B,3,2,WIDE,WIDENING,none,FIRED,$900-960,1113.0,-16.4,rich,scale_in,CONFIRMED_WITH_CORRECTIONS,,Purest full-stack power toll — gas turbines + grid + electrification; every generation AND grid dollar pays it.
VRT,Vertiv Holdings,B,GRID,LEVER,28,C,2,2,WIDE,WIDENING,none,"FIRED. The load-bearing catalysts — the Q4-2025 order inflection (+252% organic orders, 2.9x book-to-bill, $15.0B backlog reported 2026-02-11) and the NVIDIA GB200/GB300 rack-scale reference-design win — have ALREADY HAPPENED and ALREADY RE-RATED the stock (52-wk $110->$380, market cap +197%). Q1-2026 (2026-04-22) confirmed conversion and RAISED the guide, but that too is now public and priced. There is no dated, binding, un-priced forcing function ahead — only the next mechanical beat (Q2 on 2026-07-29) off an already-disclosed 2.9x book. Under the regime doc, already-fired / already-ran catalysts are PENALIZED, not rewarded.",$255-270 (base ~$260),333.05,-21.9,rich,wait_for_weakness,CONFIRMED,,"Closest pure-play on power-distribution + liquid cooling, reference-designed alongside NVDA GB200/GB300 rack-scale."
PWR,Quanta Services,B,GRID,LEVER,25,C,2,2,WIDE,STABLE,none,SOFT_EXTENDED,$470-540 (base ~$505),702.25,-28.1,rich,wait_for_weakness,CONFIRMED_WITH_CORRECTIONS,"No kill_fact breaks the PASS. The bear-tilted PASS (C, conviction 2, 'great-company-bad-entry, watchlist-for-washout') survives every primary-source attack: Q1-26 rev $7.87B/+26%, adj EPS $2.68/+51%, record backlog $48.5B, raised FY26 guide, the AEP 765kV partnership (Nov 5 2025), net debt ~$5.5B, ~152M shares, price ~$702-719 (ATH $785 May-26), and forward P/E ~52-54x ALL verify. The thesis that the AI-grid optionality is fully pre-paid on a ~52x / ~8.5%-ROIC contractor that has already run, and that PWR is the LEAST resolution-driver-independent add to an AI-capex-saturated basket, holds. BUT one load-bearing bear number is FALSE (see corrections) — it makes the name LESS unattractive than the debate states, not more, so it cannot upgrade the conviction but it must be fixed.",Indispensable grid labor-and-execution layer — the contractors who physically build/connect the power.
POWL,Powell Industries,B,GRID,LEVER,24,C,3,3,NARROW,STABLE,manageable,"FIRED. The load-bearing catalyst — the >$400M greenfield data center award, 'largest in company history' — was announced 5/4/26 (post-Q2), is fully public, and drove a ~+10% move into a stock near all-time highs ($328 52-wk high vs $299 now). The order/backlog inflection (orders +97%, book-to-bill 1.7x, backlog $1.8B) is also already reported and in the price. The DC award is a single greenfield first-phase with an undisclosed counterparty and a ~2-year burn — already-printed, not a forward asymmetric event. The only PENDING_HARD items are second-order: the $70–100M greenfield-capacity sanction ('within the next few quarters') and any FOLLOW-ON internal-phase / second-hyperscaler award — neither yet dated or binding. Net status: FIRED on the primary catalyst; the re-rate is largely spent.",$255,299.14,-14.8,rich,wait_for_weakness,CONFIRMED,"No kill_fact found that breaks the bear/PASS thesis — every load-bearing claim verifies against the primary 8-K press release. The bear case (catalyst FIRED, demand priced in, EPS not converting) is independently confirmed: Q2 FY26 EPS FELL to $1.25 from $1.27 prior on +6% revenue ($296.6M); the >$400M data center award is POST-QUARTER (announced 5/4/26) and fully public, and the re-rate has already fired (split-adjusted 52-wk high $328.00 on 5/11/26, now ~$293). The PASS verdict survives the kill-check.","Switchgear / electrical distribution for data centers + energy; >$400M record DC award, orders +97%, B2B 1.7x."
ABB,ABB Ltd (NYSE ADR),B,GRID,LEVER,22,B,3,3,WIDE,WIDENING,manageable,"FIRED. The load-bearing catalysts have already printed and re-rated the stock: (1) record Q1-2026 orders >$11.3B + book-to-bill 1.29 + FY26 guidance RAISE (Apr-22-2026) — public, already in the +87% trailing-year move; (2) NVIDIA 800 VDC collaboration announced Oct-2025 with the Q1-2026 white paper delivered — a spec-in, not a dated binding award, so SOFT on the contract dimension but already known to the market; (3) SoftBank Robotics sale (~$5.3B) is PENDING_HARD on timing (closes mid-to-late 2026) but the value is largely known and the use-of-proceeds (buyback) already disclosed. Net classification: FIRED / already-ran — the re-rate is spent; only the Robotics close is a forward dated event, and it is an arb-grade cash receipt, not an asymmetric surprise.",$100-108 (ADR),108.47,-4.1,fair,wait_for_weakness,CONFIRMED_WITH_CORRECTIONS,"No kill_fact found. The bear case (excellent-but-priced-in, cohort-correlated AI-capex bet, catalyst FIRED, asymmetry unfavorable at ~30-33x fwd) survives independent verification against ABB's Q1 2026 primary release (Apr 22 2026). Every load-bearing figure checks out and the sop_fair_value is built on CURRENT post-guidance financials, not a stale anchor.","Global electrification/switchgear incumbent; NVDA 800VDC spec-in, record Q1 orders, FY26 guide raise."
HUBB,Hubbell,B,GRID,LEVER,22,C,2,3,NARROW,ERODING,manageable,"SOFT_EXTENDED. The load-bearing catalysts have largely FIRED or are continuation-of-trend, not dated step-changes: (a) the FY2026 guide RAISE already happened (30-Apr-2026) and the multiple expanded with it; (b) the data-center growth raise (15%->25%+) is fired; (c) the NSI Industries acquisition CLOSED 09-Jun-2026 — re-rate spent, now an integration/de-lever story; (d) the $1.5B 765 kV high-voltage transmission TAM is a DECADE-long, non-binding opportunity with only 'a couple of orders' — soft, serially-extendable optionality, not a hard dated win. The 1.2x book-to-bill is a healthy continuation signal but not a discrete catalyst. No imminent hyperscaler design-win, NRC/PPA milestone, or binding award is pending. Net: already-run + soft-extended.",~$475-490 (base ~$483),489.73,-1.4,fair,wait_for_weakness,CONFIRMED_WITH_CORRECTIONS,"No kill_fact. The bear/PASS thesis survives independent verification against primary SEC filings. Every load-bearing figure checks out: Q1-2026 net sales +11% to $1.52B / organic +8.2% (8-K 04-30-2026); FY adj. EPS guide RAISED to $19.30-$19.85 (confirmed, and this is a SPENT re-rate, not a forward catalyst); NSI Industries $3.0B cash acquisition CLOSED 09-Jun-2026 funded with $900M term loan + $1.9B senior notes + commercial paper (8-K, confirming the leverage step-up the bear relies on); spot ~$490, market cap ~$25.9B, trailing PE ~28x (full valuation confirmed). The sop_fair_value (~$483, ~24.5x fwd on $19.58) is built on POST-guidance-raise, post-NSI-close financials — NOT a stale anchor. The catalyst slate is correctly characterized as SOFT_EXTENDED / already-fired. The PASS (verdict C) holds.","Utility + electrical solutions (grid components, 765kV HV); DC growth raised 15%->25%+."
NVT,nVent Electric,B,GRID,LEVER,18,C,2,2,NARROW,WIDENING,none,FIRED,165,177.02,-6.8,rich,wait_for_weakness,CONFIRMED_WITH_CORRECTIONS,"No kill_fact found. Every load-bearing figure verifies against primary sources, and the debate's own verdict is already cautious (C / conviction 2 / SoP $165 below the $177 price). The bear case — quality front-run, ~1.8:1 risk/reward against, FCF badly lags earnings, single-factor AI-capex concentration (infra 55% of sales), and a contested #2/#3 liquid-cooling lane — survives the kill-check intact. The SoP fair value (~$165) is anchored on the FRESHEST data (the Q1-2026 FY guide-raise midpoint adj. EPS $4.50), so there is no stale-anchor defect.",Electrical enclosures / connection & protection for data centers and power.
MYRG,MYR Group,B,GRID,PASS,12,C,2,2,NARROW,STABLE,manageable,FIRED,$320-345 (base case ~$330),461.1,-28.4,rich,pass,REFUTED,"The bear case's load-bearing pillar -- 'the stock at ~$461 trades ABOVE the analyst median price target (~$304) and ABOVE even the high target (~$332), so the street is MORE bearish than the price and the consensus delta runs against the buyer' -- is FALSE on current data. As of June 2026 the consensus average price target is ~$442-455 (median ~$459, stockanalysis.com, 7 analysts), with the high at ~$503-564. Multiple analysts RAISED targets sharply in May 2026: Stifel $351->$503, Clear Street $400->$500, Baird $373->$450. The '$304 median / $332 high' the moderator leaned on is a stale, low-coverage snapshot (superseded by the post-Q1-26 re-rate). Sell-side targets now bracket/exceed the $461 price rather than sitting ~33% below it, so the central de-rate/over-priced-vs-street argument does not hold against a primary read of current consensus. Underlying financials all verify (Q1-26 revenue $1.0B +20%, NI $46.8M, EPS $2.99, GM 13.4%, backlog $2.84B = $981M T&D + $1.86B C&I, cash $163M, debt $9.4M, 0.04x leverage, 15.57M shares, price $461.10 on 2026-06-18) -- the kill is to the BEAR'S valuation framing, not to the numbers.",T&D + commercial/industrial electrical contractor (grid-connection labor).
ATKR,Atkore,B,GRID,PASS,5,C,2,3,NARROW,ERODING,manageable,SOFT_EXTENDED,78,81.17,-3.9,fair,pass,CONFIRMED_WITH_CORRECTIONS,"No single fact kills the BEAR conclusion (the debate already landed at C / conviction 2 — a pass on scale-out alpha — and the AI/data-center overlay is correctly judged priced-in and commodity-grade). But two LOAD-BEARING balance-sheet/FCF anchors used across all three SoP cases are STALE and materially understate risk, strengthening the bear: (1) NET DEBT IS WRONG. The debate hard-codes '~$250M net debt, <0.7x' into the bull, base AND bear equity bridges. Per the Q2 FY2026 10-Q (period ended 2026-03-27), net debt is actually $318.3M ($760.6M total debt less $442.3M cash) — already $68M worse than the anchor and ~0.9x the $350M trough EBITDA. (2) HIDDEN CASH DRAIN NOT IN THE NUMBERS. Atkore settled PVC-pipe antitrust claims for $136.5M (DPP $72.5M + NCSP $64M, agreed 2026-04-28, 'available cash on-hand,' booked as non-operating expense in Q2) AND agreed a FURTHER $50M End User settlement on 2026-06-03 — ~$186.5M of real cash outflow, ~63% of one year's FCF (~$295.7M). The $50M June leg post-dates the 3/27 balance sheet, so reported net debt marches toward ~$368M (~1.05x trough EBITDA) once funded. The debate dossier mentions only a $136.5M 'charge' and explicitly asserts the settlement does NOT impair the FCF floor or net-debt anchor — that is false; the FCF-yield value pitch and the 'fortress <0.7x' claim are both overstated.","Electrical conduit / cable management; commodity-priced, trough-margin recovery story."
MOD,Modine Manufacturing,C,THERMAL,CORE,33,B,3,3,NARROW,WIDENING,manageable,"FIRED (both load-bearing catalysts). (1) The $4B hyperscaler capacity agreement + $165M upfront was announced 2026-05-26 and added ~17% in a day — the re-rate is SPENT; what remains is multi-year delivery, not a dated re-rating event. (2) The Gentherm Reverse Morris Trust spin was announced 2026-01-29; that print is also behind us. The only PENDING_HARD item is the RMT CLOSE in Q4 CY2026 (needs Gentherm shareholder vote, IRS tax ruling, SpinCo financing) — a dated de-risking event but capped in upside (terms fixed: MOD holders get 40% of combined + $210M cash), so it reads ARB/PENDING_HARD rather than asymmetric. Net catalyst posture: FIRED — already-ran, in a regime that explicitly PENALIZES already-fired catalysts.",$265 (range $230–300),294.33,-10.0,rich,scale_in,CONFIRMED_WITH_CORRECTIONS,,"Cleanest mid-cap pure-play in data-center thermal; DC revenue crossed $1B FY26 (+158% Q4), $4B hyperscaler capacity agreement."
EME,EMCOR Group,C,THERMAL,LEVER,33,C,3,3,NARROW,WIDENING,manageable,"FIRED. The load-bearing catalysts have already printed and the stock has already run: record Q1 2026 (revenue +19.7%, RPO +32.9% to $15.62B) reported and the full-year guide RAISED (May 2026); the AI/data-center demand inflection is recognized, consensus, and reflected in a ~109% twelve-month rally and a ~26x multiple. Evidence it is fired, not pending: the stock fell ~1.8% on the record beat-and-raise print. The remaining 'catalyst' (continued backlog conversion through 2026, more raises) is incremental and expected, not a re-rating surprise. This is an already-ran, in-the-print name — treated as defensive/quality-compounder, NOT an asymmetric special-situation. No hard-dated NRC/PPA/design-win milestone is the driver; the driver is the same AI-capex tape the whole basket shares.",$760–800/share (base case ~$780),845.43,-7.7,rich,wait_for_weakness,CONFIRMED_WITH_CORRECTIONS,"No kill_fact found. Every load-bearing financial figure verifies against primary sources (SEC 8-K/10-Q dated 2026-03-31, EMCOR IR): revenue $4.63B (+19.7%, organic +16.8%), RPO $15.62B (+32.9%, +$2.37B QoQ), diluted EPS $6.84 (+30%), operating margin 8.7%, effectively net cash (cash $916.4M, only ~$2.4M finance-lease debt, $1.30B undrawn revolver), FY2026 guidance raised to $18.50-19.25B revenue / $28.25-29.75 EPS. The bear thesis is a valuation/timing/saturation call, not a fact dispute — and the facts support it: the name is a fully-valued quality cyclical whose sole resolution driver (hyperscaler AI-capex durability) is the same shared macro factor as the rest of Basket C, with a NARROW project-re-compete moat and an already-FIRED catalyst (stock fell on the record beat-and-raise). Nothing breaks it.",Highest-quality mechanical/electrical contractor installing DC guts; RPO +32.9% to $15.62B.
FIX,Comfort Systems USA,C,THERMAL,LEVER,24,C,2,2,NARROW,WIDENING,none,"FIRED (with a SOFT_EXTENDED tail). The load-bearing catalyst — the data-center backlog inflection + record-margin re-rate — has substantially happened: backlog already printed $12.45B (+74% YoY), Q1-2026 EPS +121%, GM a record 26.3%, the stock ~4x off its 52-week low to ~$1,967, the long-running buyback completed, dividend raised to $0.80, and UBS lifted its PT to $2,125 (Jun-8-2026). The re-rate is spent. The residual is a SOFT_EXTENDED continuation bet (each future quarter must re-print 'insatiable' demand to hold the multiple) hinging on the same shared AI-capex factor as the whole basket — not an asymmetric, dated, idiosyncratic catalyst. Next hard date: Q2-2026 print (~late-July 2026), which is a continuation/confirmation event, not a re-rating trigger.","$1,450-1,650/sh (base case ~$1,550 vs current ~$1,967)",1967.41,-21.2,rich,wait_for_weakness,CONFIRMED_WITH_CORRECTIONS,"No kill_fact breaks the bear case — every load-bearing figure verifies against the Q1-2026 8-K (rev $2.87B/+56%, same-store +51%, GM 26.3%, diluted EPS $10.51, backlog $12.45B vs $6.89B PY) and the earnings-call coverage (advanced-technology/data centers = 56% of revenue, industrial 75%, electrical +88% organic, modular 17%/4M sq ft target, labor named as the binding constraint). The bear's core premise survives attack: the stock is a momentum melt-up (price $1,967.41, 50d $1,831, 200d $1,253, 52wk $490–$2,074 ≈ ~4x), so the catalyst has FIRED and the AI-capex re-rate is priced into a ~56.8x trailing P/E (=$1,967/$34.65 TTM EPS) on peak-cycle margins / single-end-market (56% data-center) volume. No hidden disqualifier (net-cash balance sheet, no dilution/lockup, no solvency valley).","Mechanical/electrical contractor; data centers 56% of revenue, electrical +88% organic, backlog $12.45B (+74%)."
CARR,Carrier Global,C,THERMAL,LEVER,22,C,2,3,NARROW,ERODING,manageable,FIRED,$62-66,70,-8.6,rich,wait_for_weakness,CONFIRMED_WITH_CORRECTIONS,"No kill_fact breaks the (bearish) PASS thesis — every load-bearing number verifies against primary sources and the verification REINFORCES the bear: FY2025 net sales $21.75B (-3% YoY) with GAAP consolidated operating margin 10.0%, FY2025 adjusted EPS only $2.59, and Q1'26 adjusted EPS $0.57 DOWN 12% YoY (GAAP $0.28, organic sales -1%) on net debt of $10.787B. The +500% data-center order print is real but DC is a $1B->$1.5B line (~2.3%) on a $22B base; the consolidated P&L is flat-to-shrinking, margin-compressing and sub-WACC, and the ~24x forward multiple already re-rated on the fired/priced AI-cooling catalyst. The bear kill (no-growth guide at a growth multiple, no resolution-driver independence) survives intact — this is a legitimate verdict-C PASS.",HVAC/thermal-management OEM with a data-center cooling leg.
JCI,Johnson Controls,C,THERMAL,LEVER,22,C,2,3,NARROW,WIDENING,manageable,"SOFT_EXTENDED / partially FIRED. The load-bearing catalysts have largely ALREADY FIRED and are reflected: (1) the orders/backlog inflection — +30% orders, $20.0B backlog (+26%) — is a realized, dated print (Q2 FY26 release May 6, 2026), not a forward event; the stock is at/near all-time highs ($147.75 Jun 9, 2026) having already run it. (2) The Bosch $8.1B R&LC divestiture CLOSED Aug 1, 2025 and the $5.0B ASR is EXECUTED — fully FIRED. (3) The FY26 guidance raise (to ~$4.85) is done. What remains LIVE is the SOFT, customer-controlled, serially-deferred BACKLOG-CONVERSION catalyst — '70% of $20B converts within 12 months,' but management explicitly conditions it on hyperscaler 'customer availability and ability to accept orders,' i.e., a non-binding, third-party-dependent, single-shared-factor (AI-capex) driver. There is NO hard-dated binding catalyst (no PDUFA, no NRC milestone, no fixed deal terms). Per the regime doc, an already-fired/already-ran catalyst on the same shared AI-capex factor as the rest of the basket is PENALIZED.",$140-150 (base ~$145),147.0,-1.4,fair,wait_for_weakness,CONFIRMED_WITH_CORRECTIONS,"No clean kill: every load-bearing figure verifies against the primary Q2 FY26 release (SEC 8-K / PR Newswire, May 6 2026) and the Bosch 8-K (Aug 1 2025). The bear case (already-fired catalyst + no margin of safety) is itself CONFIRMED, not refuted — but it argues 'fairly-valued, poor entry,' not a broken thesis. The one factual defect: the dossier/bull's 'Americas +310bp' is wrong — Americas adj segment EBITA margin rose only +100bp YoY (19.5%); the +310bp figure is the TOTAL adj segment margin to 15.5%, not Americas. EMEA +370bp / APAC +350bp verify. This does not break the case but the per-region margin-inflection claim is overstated for Americas (the 'crown jewel').","Building/HVAC controls with a DC backlog leg; orders +30%, backlog $20.0B (+26%)."
ON,onsemi,D,PWR-SEMI,CORE,33,B,3,3,NARROW,STABLE,manageable,"SOFT_EXTENDED / partially-FIRED. The load-bearing catalysts — (a) AI-data-center doubling and (b) the auto-SiC YoY inflection — are NOT discrete dated events; they are quarterly-compounding trends, and the FIRST and biggest leg of the re-rate has already FIRED (stock +117% over 12 months; the Q1-2026 'inflection point' print on 2026-05-04 already ran). Forward proof points are recurring earnings prints (next: Q2 2026, early-Aug 2026, guided $1.535-1.635B with sequential GM expansion and H2>H1) — real but un-dated and continuation-dependent, not a binding single-binary. No hyperscaler award is contractually disclosed with a dollar value; the design-win claims (all hyperscalers, Treo/T1S, Geely/NIO 900V) are management-asserted, not third-party-verified. Net: the asymmetric, pre-catalyst window has closed; what remains is trend-continuation that must keep beating an already-elevated bar.",$118-130 (base ~$124),122.0,1.6,fair,scale_in,CONFIRMED_WITH_CORRECTIONS,,Vertically-integrated SiC + power-analog leader on two seculars (auto-EV + AI-DC power); the inflection is now.
IFNNY,Infineon Technologies (ADR),D,PWR-SEMI,LEVER,24,C,2,3,NARROW,ERODING,manageable,"SOFT_EXTENDED (leaning FIRED on the re-rate). The load-bearing catalysts are: (a) the FY26 guidance RAISE to EUR 16B+/~20% margin/EUR 1.65B FCF — FIRED on 2026-05-06, stock +4.1% on the print, the re-rate is largely spent; (b) the NVIDIA 800V HVDC design-in / EUR 1.5B->2.5B AI-DC ramp — a real, dated, multi-year ramp (PENDING_HARD in substance) but already widely known since GTC-2025 and embedded in the ~33x fwd P/E, so the EXPECTATIONS re-rate is FIRED even though the revenue is still arriving; (c) the record EUR 25B backlog — a strong confirming data point, already printed (FIRED). The forward, NOT-yet-priced catalysts are softer: the FY26 ~20% margin EXIT-rate and positive H2 FCF (must be DELIVERED, H1 was negative) and the July-1 reorg execution. Net: the equity-moving catalysts have largely fired; what remains is delivery-against-promise, which is SOFT/extended rather than a fresh asymmetric event.","USD 72-80 / ADR (base case), centered ~USD 76",79.0,-3.8,fair,scale_in,CONFIRMED_WITH_CORRECTIONS,"No kill_fact. The bear/PASS thesis survives independent attack: every load-bearing figure verifies against the primary 2026-05-06 release (Q2 rev EUR 3,812M, segment margin 17.1%, FY26 raise to ~20% margin + adj-FCF EUR 1.65B, AI-DC EUR 1.5B FY26 -> EUR 2.5B FY27, H1 FCF negative -EUR 199M/-EUR 63M, net debt -EUR 5,721M). The PASS rests on 'already priced in / fired catalyst', which is a valuation/timing judgment that verified facts SUPPORT, not refute. sop_fair_value is NOT stale-anchored — it is built on the latest reported quarter (Q2 FY2026, 2026-05-06).","Broadest, highest-volume power-semi franchise (top-2 IGBT, SiC/GaN leader); NVDA 800V HVDC design-in, the multi-source winner."
MPWR,Monolithic Power Systems,D,PWR-SEMI,LEVER,20,C,2,2,NARROW,STABLE,manageable,"FIRED — the load-bearing catalyst (AI/Enterprise-Data ramp + NVIDIA GPU socket win) is ALREADY firing in the numbers: Enterprise Data +97.7% YoY in Q1-2026 (reported Apr 30, 2026) and Q2 guided to ~+35% total-company YoY. The Vicor-displacement / NVIDIA-socket win is historical (H100 era, ongoing). The forward-dated leg — NVIDIA 800V-DC / 1MW-rack production with MPWR as named silicon partner — is PENDING_HARD but distant (~2027) and already partially priced. Net: the re-rate is largely SPENT; this is a momentum/extrapolation name, not a mispriced discrete catalyst. (Evidence: Q1-2026 release Apr 30 2026; TI 800VDC-with-NVIDIA announcement Mar 16 2026; NVIDIA 800V roadmap 2027.)","1,250",1565.0,-20.1,rich,wait_for_weakness,CONFIRMED_WITH_CORRECTIONS,,"NVDA GPU power-stage socket leader; Enterprise Data +97.7% YoY, named silicon partner on 800V/1MW-rack."
ALGM,Allegro MicroSystems,D,PWR-SEMI,LEVER,18,C,2,2,NARROW,STABLE,none,"PENDING_HARD (with a partly-FIRED component). The load-bearing catalyst is the data-center capacity ramp: DC went 10% FY26 -> 14% Q4 (+41% q/q) -> GUIDED 16-17% of Q1 FY2027 sales (20-25% sequential) per the Q4 FY2026 release (FY ended Mar 27, 2026). That ramp is real, dated, and still inflecting forward (PENDING_HARD). BUT the AI-capex re-rate is partly already FIRED — ALGM 'soared' alongside MPWR in June 2026 and the multiple (fwd P/E ~56x, EV/Sales ~12.5x) already discounts the optionality. Verification gap: ALGM is NOT named on NVIDIA's published 800-VDC ecosystem partner roster (Infineon, Navitas, ADI, Renesas, STMicro, TI are named, per Fierce Sensors, 2026); ALGM ships current sensors (ACS37017/ACS37200) and Power-Thru SiC gate drivers INTO the 800V architecture (allegromicro.com / GlobeNewswire, Jan 2026) but no singular hyperscaler design-win award is publicly confirmed. So: real ramp, no anchor-award catalyst, and the re-rate is largely spent.",$52-58,59.0,-6.8,fair,wait_for_weakness,CONFIRMED_WITH_CORRECTIONS,,Magnetic sensing + power-conversion; DC guided 16-17% of Q1 FY27 sales (20-25% sequential).
POWI,Power Integrations,D,PWR-SEMI,TACTICAL,18,C,2,2,NARROW,STABLE,none,"SOFT_EXTENDED. Load-bearing catalyst = conversion of NVIDIA 800VDC/Kyber design-ins into booked production revenue. Dated evidence: Oct-2025 OCP white paper (1250V/1700V PowiGaN for 800VDC); 2 aux-power design wins disclosed Q1-26 (call ~May-2026) at Taiwan customers; May-31-2026 ultra-slim aux PSU reference designs for NVIDIA Kyber. These are real and dated BUT (a) reference designs / aux sockets are small near-term, (b) management explicitly puts main-power GaN 'a couple years out' (2027-28), (c) the 800VDC field is multi-vendor (TI's full-architecture-with-NVIDIA announced Mar-2026; Navitas/onsemi/Infineon/STMicro competing). No hard production award, no quantified data-center revenue, no book-to-bill inflection. The catalyst is genuine but serially-extending and contested = SOFT_EXTENDED, not PENDING_HARD.",$58-64 (base case ~$61),87.09,-30.0,rich,wait_for_weakness,CONFIRMED_WITH_CORRECTIONS,"No kill_fact found. Every adversarial attack vector was tested and the bear case held against primary sources, so the debate's bearish PASS-at-$87 verdict (C, conviction 2) survives. (a) STALE-ANCHOR: the $58-64 SoP is built on CURRENT financials — FY2025 rev $443.5M/+6% and Q1-26 $108.3M are the latest reported, not pre-event. (b) NUMBER TRUTH: all load-bearing figures verify — FY2025 rev $443.5M (+6%), GAAP EPS $0.39, Q1-26 rev $108.3M (+3% YoY), Q2-26 guide ~$117.5M (+8.5%), new $50M buyback after prior $50M completed, fortress net-cash balance sheet. (c)/(d): the crown-jewel AI claim is the WEAKEST link and it confirms the bear — POWI is NOT sole-source (TI unveiled a COMPLETE 800VDC architecture WITH NVIDIA at GTC, 2026-03-16, per TI's own newsroom), near-term DC content is only 15W/35W aux 'control and housekeeping' PSUs (DER-1110/DER-1114, BusinessWire 2026-05-31), main-power GaN is 'a couple years out' per management, and DC revenue is ~zero today. The premium at the 52-week high pays for an unbooked, deferred, contested option — exactly the bear's claim.",GaN aux-power for NVDA Kyber 800VDC reference designs; design-ins not yet booked production.
VICR,Vicor,D,PWR-SEMI,TACTICAL,18,C,2,2,WIDE,WIDENING,manageable,FIRED,~$200-230/share (base case ~$215),328.04,-34.5,rich,wait_for_weakness,CONFIRMED_WITH_CORRECTIONS,"No clean kill_fact breaks the thesis: every load-bearing FACT in the debate verifies against primary sources (ITC Final Determination Feb-13-2025 on patents 9,516,761/9,166,481 + Limited Exclusion Order; Q1'26 revenue $113.0M +20.2% YoY, backlog $300.6M +70% QoQ, B:B>2.0, GM 55.2%, cash $404.2M, debt-free, FY26 guide ~$570M; SynQor $28.56M paid 2026-03-18; FY25 $45M settlement; ~107x trailing P/E / ~$14.8B cap / +494% TTM off a $41.76 52-wk low). The thesis is a CAUTIOUS 'C' (price front-ran an already-FIRED catalyst at a valuation above even base-case SoP) and that bear case SURVIVES verification: the ITC re-rate is spent, the stock has quintupled, valuation (~107x P/E, ~26x FY26E sales) sits above the ~$215 base-case SoP, the royalty annuity is explicitly 'through 2026' with new deals gated on a distant 2027 ITC resolution, and Vicor itself PAID SynQor $28.6M (verified, 10-Q) — litigation cuts both ways. BUT the bear's single most-cited earnings-quality kill is FABRICATED and must be corrected (see corrections), so the thesis is confirmed only WITH that correction, not on the bear's own numbers.",High-density 48V/factorized power-conversion modules for AI racks; differentiated but small and contested.
NVTS,Navitas Semiconductor,D,PWR-SEMI,PASS,8,C,2,1,NARROW,STABLE,manageable,FIRED,$10-13,24.0,-52.1,rich,pass,REFUTED,"The load-bearing scale-out claim — a durable, defensible NVIDIA 800V design-in worth a ~$5.6B / ~100x+-forward-sales valuation — breaks on two independently verified primary facts. (1) MULTI-SOURCE, NOT SOLE-SOURCE: NVIDIA's 800V HVDC architecture is an explicit multi-vendor MGX collaboration; Infineon is named alongside Navitas working with NVIDIA on the IDENTICAL HVDC silicon/SiC/GaN socket (GlobeNewswire 2025-05-21; barchart/Yahoo MGX coverage 2026-06). It is a 'collaboration,' not a contracted, dollar-denominated, sole-source design-win — so the supposed switching-cost moat and content-per-rack durability are unproven and commoditizable. (2) FIRED OPTIONALITY FINANCED BY DILUTION: a $500M ATM was launched 2026-06-13 (UBS/Morgan Stanley/Needham, ~19.9M shares at the $25.08 pricing reference, ~3% commission) on top of a COMPLETED $122M May-2026 ATM (6,529,666 shares) — i.e. the 'fortress balance sheet' is being sold into the AI pop, with $221M cash already eroding QoQ from $237M (~$16M/qtr burn). Against this, the demonstrated business is GAAP-gross-NEGATIVE (-9.3% GM), Q1 revenue $8.6M is DOWN ~39% YoY, GAAP net loss is $33.8M/qtr, and FY2026 revenue (~$41M) is far below break-even — with the load-bearing 800V revenue still a 'end-of-year / early-next-year' (2027) promise. As a SCALE-OUT CONVICTION name the thesis fails: ~100% of the AI optionality is already in the price (ATH $34.17 on the 2026-06-03 announce day, round-tripped to ~$24), the catalyst is FIRED with a multi-quarter vacuum ahead, the demand is multi-sourceable and un-booked, and there is no fundamental support under the multiple. Default REFUTED stands — the bear independently confirmed every kill_fact against primary sources.","GaN/SiC hopeful claiming the NVDA 800V socket — but multi-sourced alongside IFNNY, revenue shrinking, serially diluting."
VST,Vistra,E,POWER-GEN,CORE,40,B,3,3,NARROW,WIDENING,manageable,SOFT_EXTENDED,$160-170/share,163.75,0.8,cheap,enter_now_carry,CONFIRMED_WITH_CORRECTIONS,"No kill_fact found. Every load-bearing figure verifies against primary sources: Q1 2026 Ongoing Adj. EBITDA $1,494M and revenue $5.64B (8-K, 2026-05-07); the $17,043M->$19,163M debt jump and $5,610M equity / ~330% D/E (10-Q, FY2026); the pending $4.7B / 5,500 MW Cogentrix close H2-26 explicitly excluded from reaffirmed 2026 guidance ($6.8-7.6B); and the Meta ~2,609 MW + AWS 1,200 MW 20-year nuclear PPAs (SEC 8-Ks). The bear's own attack vectors (merchant tail, leverage, basket-correlated single-factor AI-capex risk) are real but are already priced INTO the B/conviction-3 down-rate, not disqualifiers.","Cheapest way to own the dispatchable+nuclear power every AI dollar pays for; ~41 GW in the two highest-load-growth US markets, ~3,800 MW of 20-yr nuclear PPAs (Meta/AWS)."
CEG,Constellation Energy,E,POWER-GEN,CORE,25,C,2,3,WIDE,STABLE,manageable,"FIRED. The three load-bearing catalysts have all occurred and re-rated the stock: (1) Calpine acquisition CLOSED 2026-01-07 ($16.4B, ~$2/sh accretive); (2) Meta/Clinton 20-year PPA SIGNED 2025-06-03 (1,121 MW, commences June 2027); (3) Microsoft/Crane restart de-risked — $1B DOE loan guarantee (Nov 2025) + FERC PJM-rule waiver granted 2026-06-01 (restart still future-dated to ~2028). Remaining live items are SOFT_EXTENDED: a third hyperscaler PPA the CEO called 'late innings' (undated, unnamed, single-binary) and Clinton SMR/advanced-reactor optionality (only 'evaluating regulatory pathways'; ESP expires 2027-03-15, no capital committed). Net: the re-rate is largely spent; what remains is execution/commencement of already-announced deals plus one unverifiable pending award. Defensive/arb profile, not asymmetric special-sit.",$255-265 (base ~$260),274.06,-5.1,fair,scale_in,CONFIRMED_WITH_CORRECTIONS,"No kill_fact: every load-bearing figure independently verifies against primary/IR sources, so the bear (PASS/watch-for-capitulation) thesis SURVIVES the kill-check rather than being broken. The only thing that could not be confirmed is the BULL-side 'third hyperscaler PPA in late innings' — undated, unnamed, no primary announcement exists — which is correctly treated as SOFT and is not load-bearing for the bear case.","Single best-positioned firm-power supplier — 32.4 GW NRC-licensed nuclear, Meta/Clinton + Microsoft/Crane PPAs, Calpine closed."
TLN,Talen Energy,E,POWER-GEN,LEVER,25,C,2,3,NARROW,WIDENING,manageable,"SOFT_EXTENDED. The load-bearing catalyst — the AWS Susquehanna PPA — is FIRED/already-ran (announced/expanded Jun-2025, restructured FTM, the re-rate from $20s/$100s to $435 is largely spent; the ramp to full $1.4B economics is a long-dated 2032 grind, not a dated re-rating event). The forward catalyst — 'several 1+ GW' new hyperscaler PPAs — is SOFT_EXTENDED: real but UNSIGNED, serially-referenced as 'pipeline/opportunities,' single-binary on hyperscaler demand, with no committed date. The Cornerstone close (early H2-2026) is PENDING_HARD but it is an arb on an already-financed deal, not a re-rating driver. FERC co-location rulemaking (Dec-2025 order; PJM compliance filings Feb-2026) is an open regulatory process, double-edged. Net: no hard-dated, asymmetric forcing function inside the favorable window.",$400-430,435.44,-4.7,fair,wait_for_weakness,CONFIRMED_WITH_CORRECTIONS,"No kill_fact found. The adversarial attack vectors all FAIL to break the (bear/PASS) thesis: (a) STALE-ANCHOR — NO; sop_fair_value is built on CURRENT data: Q1-2026 actuals (filed in the 2026-05-05 8-K), reaffirmed FY2026 guidance, the post-restructuring Amazon FTM contract (Jun-2025), and the announced Cornerstone deal — not pre-event/pre-guidance financials. (b) NUMBER-TRUTH — every load-bearing figure verifies against primary SEC 8-Ks and company IR: Q1-26 adj EBITDA $473M, adj FCF $350M, GAAP NI +$63M; FY2026 guide $1,750-2,050M EBITDA / $980-1,180M FCF (ex-Cornerstone); net leverage 3.1x ex-Cornerstone with a 3.5x YE2026 target; Cornerstone 2,451 MW ($3.45B price, $4B raised); Amazon 1,920 MW FTM through 2042 (~$18B lifetime rev, ramp 840-1,200 MW by 2029 / 1,680-1,920 MW by 2032); ~45.4M shares; price ~$435. (c) THESIS-WEAKNESS — CONFIRMED in the bear's favor: the '1+ GW pipeline' is INDEPENDENTLY VERIFIED as still UNSIGNED (no new hyperscaler PPA beyond Amazon found in any primary/news source as of Jun-2026), so the marginal equity dollar does rest on an unearned option; single-customer (Amazon) + single-asset (Susquehanna) + single-macro-factor (AI-capex) concentration all hold. (d) HIDDEN-DISQUALIFIER — the Cornerstone $4B debt raised AHEAD of regulatory approvals (FERC/IURC pending; HSR cleared Mar-2026) pinning pro-forma leverage at the ~3.5x ceiling is real and verified. The bear case (C / PASS / watchlist-for-a-flush) SURVIVES the kill-check intact.",Scarce grid-connected nuclear-IPP (2.2 GW Susquehanna) in supply-starved PJM; AWS PPA anchor.
CCJ,Cameco,E,POWER-GEN,LEVER,22,C,2,2,WIDE,WIDENING,none,"FIRED (with a PENDING_HARD tail). The load-bearing catalyst — the ~$80B US-Government / Westinghouse / Brookfield / Cameco AP1000 framework — was announced 27-Oct-2025 and was a primary driver of the +106% 52-week run; the announcement re-rate is SPENT. The value-REALIZATION leg is PENDING_HARD but unvested and structurally dilutive to Cameco: vesting requires a Final Investment Decision + definitive agreements for >=US$80B of construction that do NOT yet exist (none signed as of Jun-2026), and once vested the US Government takes 20% of Westinghouse cash distributions above US$17.5B. The uranium price up-cycle (realized $66/lb, ~2x 2021) has also largely RUN. Dukovany construction is a live multi-year ramp (real, but slow-burn and already in equity income). Net: re-rate FIRED, the next hard gate (US-framework FID) is dated-but-distant and value-leaking, not an imminent asymmetric trigger.",$72-82 (base ~$77),106.74,-27.9,rich,wait_for_weakness,CONFIRMED_WITH_CORRECTIONS,"No kill_fact breaks the bear thesis. Every load-bearing figure verifies against a primary source, and the bear case (great business, fully-priced entry; scale-out conviction should be capped LOW) survives all four attack vectors. The one correction worth flagging is on the BULL side, not the bear's: the debate already states the right number (US$66.21/lb realized) but live data shows EV/EBITDA is ~76x (stockanalysis, Jun-2026), even richer than the ~50x the debate used — so the bear's 'fully-priced / re-rate spent' verdict is, if anything, understated, not refuted.",Irreplaceable Western uranium fuel + Westinghouse/AP1000 reactor layer; the only liquid pure-play fuel toll.
BWXT,BWX Technologies,E,POWER-GEN,LEVER,20,C,2,3,WIDE,STABLE,none,"SOFT_EXTENDED. The load-bearing commercial catalysts are real but non-binding, third-party-dependent and serially-extending: (1) Tennessee HEU/HALEU enrichment facility is at the NRC-engagement stage (multi-year licensing, no fixed in-service date) — confirmed in Q1-26 call (05/04/2026); (2) SMR/microreactor component volumes depend on third-party reactor deployments (Oklo, X-energy et al.) that keep slipping; (3) Mount Vernon greenfield is 'being evaluated,' not committed. The HARD, already-fired catalysts (Q1-26 beat-and-raise, $8.65B backlog print, PCG acquisition announced) are spent — the stock re-rated to 55x ON them. So the live catalysts are SOFT_EXTENDED (regulatory/third-party, no binding date), while the re-rating drivers are FIRED. No PENDING_HARD dated event with real asymmetry in the next 3-9 months.",$185-200 (base ~$192),205.4,-6.5,fair,wait_for_weakness,CONFIRMED_WITH_CORRECTIONS,,Naval-nuclear + HALEU/microreactor component manufacturer; the established fuel/component arm behind the SMR wave.
OKLO,Oklo,E,POWER-GEN,TACTICAL,24,B,3,2,NARROW,WIDENING,none,"SOFT_EXTENDED. The load-bearing catalysts are (a) the DOE Reactor Pilot Program / July-4-2026 criticality milestone (driven by the May-2025 Trump executive order) and the Groves isotope facility target criticality July 4 2026 with first commercial isotope contract 'pending'; (b) Aurora-INL first commercial operations targeted LATE 2027; (c) conversion of the ~14 GW non-binding LOIs (Switch 12 GW, Meta 1.2 GW, Equinix) into binding priced PPAs; (d) a potential DOE loan / project-finance facility. As of June 2026 these are real and dated but NON-BINDING and serially forward-referenced: the LOIs carry no payment obligation, first power is 18+ months out and has slipped before, and the July-4 criticality is a test/isotope-criticality milestone tied to a single policy regime, not a commercial-revenue inflection. No hard binary, deal-fixed (ARB), or already-spent (FIRED) catalyst with locked asymmetry in the next 90 days. Verified live (June 2026 sources): Q1-2026 10-Q, World Nuclear News / NEI on the July-4-2026 criticality deadline, Utility Dive on the Meta multi-developer nuclear deals, Oklo/Centrus 8-K on the HALEU LOI.",~$52-62/share (base case; midpoint ~$57),60.88,-6.4,fair,wait_for_weakness,CONFIRMED_WITH_CORRECTIONS,"No kill_fact found. Every load-bearing number verifies against the Q1-2026 10-Q (period end 3/31/2026): cash+securities $2,536.9M ($1,594.1M cash + $614.5M current + $328.3M non-current marketable securities) = the claimed $2.5B; 173,867,839 actual shares outstanding (~174M, +~28% YoY confirmed); Q1 net loss $33.1M, operating loss $51.2M; $1.18B ATM completed in Q1 (~12.4M shares at avg ~$96.95). Pre-revenue, $0 top line, ~$10.6B cap, spot ~$61 — all confirmed. The DOE Reactor-Pilot July-4-2026 criticality target and late-2027-to-early-2028 first-power date verify (Trump EO-driven, OTA signed; first-of-a-kind slip risk is real). The thesis is a fairly-priced, two-sided pre-revenue option — the B/WATCH-for-capitulation verdict at conviction 3 survives an adversarial attack and is, if anything, conservative.","Highest-profile SMR pure-play; DOE pilot + July-4-2026 criticality milestone, ~14 GW of non-binding LOIs."
LEU,Centrus Energy,E,POWER-GEN,TACTICAL,18,C,3,2,NARROW,WIDENING,none,"SOFT_EXTENDED. The two load-bearing catalysts are real but non-binding as of 2026-06-22: (1) the $900M DOE HALEU task order (announced Q1-26) 'still needs to be finalized through negotiations' — a milestone-based award, not yet a funded definitive agreement; (2) the Oklo HALEU supply agreement is a LETTER OF INTENT signed 06-18-2026 (8-K filed), supplying up to five Aurora powerhouses with deliveries 'scheduled to begin in 2029' and only POTENTIAL prepayments 'to be further negotiated in a future definitive agreement.' The Oak Ridge $560M build and the $108.2M funded DOE option year are FIRED/hard, but the commercial-scale value driver (definitive $900M+ contract + signed Oklo offtake) is non-binding and long-dated. Net status = SOFT_EXTENDED: genuine, dated demand signals, but the hard conversion is unsigned and the cash flows are 2029+.",$150,191.39,-21.6,rich,wait_for_weakness,CONFIRMED_WITH_CORRECTIONS,"No clean kill: every load-bearing bear fact verifies against primary sources, so the bearish/PASS thesis survives. The would-be kill (a hard, signed contract that de-risks the option) does NOT exist — the $900M DOE task order 'remains subject to negotiation of a definitive agreement' and the Oklo deal is an explicit Letter of Intent with 2029 first deliveries and only 'potential' prepayments. Both load-bearing catalysts are confirmed NON-binding, FCF is confirmed negative (Q1-26 ~ -$58M; OCF -$35.1M, capex $23.2M), and the stock is confirmed ~59% off its $464.25 52-wk high yet still ~70x — the 2029+ option is richly priced and unsigned, exactly as the bear claims.",Domestic HALEU enrichment (the only US producer); $900M DOE task order + Oklo LOI.
BE,Bloom Energy,E,POWER-GEN,TACTICAL,15,C,2,2,NARROW,STABLE,manageable,FIRED,$150-185/share (base case),328.91,-49.2,rich,wait_for_weakness,CONFIRMED_WITH_CORRECTIONS,,Solid-oxide fuel-cell on-site power for data centers; behind-the-meter generation hopeful.
NNE,Nano Nuclear Energy,E,POWER-GEN,PASS,12,C,2,2,NARROW,WIDENING,none,"PENDING_HARD (dated but distant). The load-bearing catalyst is the NRC review of the UIUC KRONOS Construction Permit Application: filed in 2026, ~12-month review, construction targeted mid-to-late 2027, operating approval ~2030 (verified via Q2 FY2026 call 2026-05-14 + 10-Q). It is hard-dated and binding-process, but the value-realizing event (license + first binding order/PPA) is YEARS out, and the near-term re-rating fuel (the CPA FILING itself) has ALREADY FIRED and the stock has already round-tripped off its high. The MOU-to-PPA conversion catalysts (Supermicro/BaRupOn) are SOFT_EXTENDED (non-binding). Net: a real regulatory clock, but the imminent, asymmetric leg is spent; what remains is long-dated.",~$22-26/sh,28.21,-14.9,rich,pass,CONFIRMED_WITH_CORRECTIONS,"No kill_fact found. The bear thesis survives every attack against primary sources: NNE is pre-revenue with ZERO binding offtake (Supermicro/BaRupOn/EHC/DS Dansuk are all non-binding MOUs), the UIUC KRONOS Construction Permit Application is confirmed to be a Part 50 PROTOTYPE/research-reactor filing (commercial fleet needs the future Part 53/57 framework, not yet pursued), the $300-350M FOAK cost is unvalidated against $568.7M cash, and base-case SoP (~$24) sits BELOW spot (~$28) so the AI-power optionality is already priced. Verdict C / WATCHLIST holds.","Nano Nuclear micro-reactor developer; KRONOS construction-permit under NRC review, value-realization years out."
SMR,NuScale Power,E,POWER-GEN,PASS,12,C,2,2,NARROW,ERODING,manageable,SOFT_EXTENDED,$6-8 (base case),11.7,-40.2,rich,pass,CONFIRMED_WITH_CORRECTIONS,"No single fact fully breaks the bear case (the bear case is the surviving view here), but the bull-leaning load-bearing claims weaken on primary-source check. Two corrections materially worsen value-capture: (1) the SoP/share-count anchor is wrong — total shares are ~343.1M (323.7M Class A + 19.4M Class B as of 3/31/26 per the 10-Q), NOT the '365M+' the debate cites, so per-share cash-floor math is slightly off; (2) far more important, the ENTRA1 relationship is a NET CASH OUTFLOW to NuScale, not a contracted inflow: NuScale PAID ENTRA1 ~$495M in Q3-25 (G&A ballooned ~3,000% to $519M) and total milestone payments to ENTRA1 could exceed $3B per the CEO's 72-NPM math. This is the subject of a securities-fraud class action (Truedson v. NuScale, D.Or. 3:26-cv-00328, class period 5/13/25-11/6/25, lead-plaintiff deadline 4/20/26) that the debate did NOT capture. The competitive-vulnerability anchor verifies: TVA's actual first US SMR at Clinch River is GE-Hitachi's BWRX-300 (TVA filed the first US BWRX-300 construction permit; Bechtel selected to build), NOT NuScale. Net: the SOFT_EXTENDED, third-party, pay-the-intermediary catalyst + active securities litigation justify the C verdict and a LOWER scale_cap, but no verified fact converts the thesis from 'credible speculative option' to outright dead.",NuScale SMR developer; binary on the RoPower/PPA pipeline.
XE,X-Energy,E,POWER-GEN,PASS,12,C,2,2,NARROW,WIDENING,none,SOFT_EXTENDED,$15-17,21.56,-25.8,rich,pass,CONFIRMED_WITH_CORRECTIONS,"No kill_fact. The bear case survives independent primary-source attack: every load-bearing bear fact verifies against SEC filings / company releases. Q1-2026 10-Q confirms revenue is $43.4M of DOE ARDP grant/cost-share income (NOT product sales), opex +133% YoY to $109.5M, operating burn $67.3M/qtr, net loss $166.2M including a $108.9M non-cash warrant mark, and total liquidity $944.0M at 3/31 + ~$1.1B IPO net = ~$2.0B with zero debt. First commercial power is early-2030s; the '11.5 GWe / 144-reactor' figure is explicitly contingent ('assuming each customer exercises its contingent rights in full') = optionality, not contracted orders. At ~$8.74B market cap on grant income for a 7-9yr terminal option sharing the single AI-capex driver with the rest of Basket E, the bear's 'priced as a high-probability winner, not the venture option it is' thesis holds. No primary fact breaks the bear (REFUTED) case.",Pre-commercial Xe-100 SMR + TRISO fuel developer.
MU,Micron Technology,F,MEMORY,LEVER,18,C,2,2,NARROW,WIDENING,manageable,"FIRED (HBM4 design win) + PENDING_HARD (June 24 print). The load-bearing HBM4-Nvidia-Vera-Rubin design win has FIRED and fired with a sting: on June 1-2, 2026 (GTC Taipei, Jensen Huang) Nvidia certified ALL THREE suppliers — SK Hynix, Samsung, Micron — for Vera Rubin HBM4 in full production, shipping Q3 2026, with Micron estimated at the SMALLEST allocation ('the remainder' after SK Hynix 60-70% / Samsung 25-30%). The re-rate from that win is spent and the competitive read is net-negative. The only PENDING_HARD catalyst is the fiscal Q3 2026 earnings print on June 24, 2026 (2 days out) — guided $33.5B / $19.15 EPS with consensus already above the guide; a beat is largely priced after a ~300% YTD run, making it an asymmetric DISAPPOINTMENT risk (sell-the-news) more than an upside catalyst.",$820-900,1151.8,-25.3,rich,wait_for_weakness,CONFIRMED_WITH_CORRECTIONS,"No kill_fact breaks the bear thesis — the adversarial attack CONFIRMS it. Every load-bearing bear fact verifies against primary/credible sources: (1) Q2 FY26 revenue $23.9B / non-GAAP GM ~75% / non-GAAP EPS $12.20 are a CYCLICAL+AI peak, not a steady state (FY25 full-year non-GAAP GM ~39.8%, FY23 loss-making); (2) the HBM4 Vera Rubin catalyst FIRED June 1-2 2026 and fired AGAINST Micron — Nvidia certified ALL THREE suppliers (SK Hynix 60-70% / Samsung 25-30% / Micron 'the remainder', the SMALLEST allocation), structurally margin-dilutive; (3) the stock is up ~297-300% YTD, hit an ATH $1,149.43 on June 18 2026, and trades ABOVE the average analyst target (~$945.6, 44 analysts). The AI-scale-out demand is already PRICED IN, the catalyst is spent and out-of-window, and the entire residual upside is a levered bet on the single shared basket factor (AI-capex durability). This is a quality name at an inverted risk/reward — exactly the C/PASS the debate reached.","The only US HBM supplier (HBM4 Vera-Rubin certified, smallest of three allocations); the memory toll on every AI accelerator."
